2020-09-19,10:42:46,Warning,System launched
2020-09-19,10:44:57,INFO,System launched
2020-09-19,11:06:23,INFO,System launched
2020-09-19,11:10:06,INFO,System launched
2020-09-19,11:28:30,INFO,System launched
2020-09-19,11:33:05,INFO,System launched
2020-09-19,11:36:24,INFO,System launched
2020-09-19,12:10:23,INFO,System launched
2020-09-19,12:24:00,INFO,System launched
2020-09-19,12:24:29,INFO,System launched
2020-09-19,12:31:40,INFO,System launched
2020-09-19,12:40:09,INFO,System launched
2020-09-19,12:44:10,INFO,System launched
2020-09-19,18:32:37,INFO,System launched
2020-09-19,19:28:27,INFO,System launched
2020-09-19,19:29:51,INFO,System launched
2020-09-19,19:31:21,INFO,System launched
2020-09-19,19:31:49,INFO,System launched
2020-09-19,19:47:40,INFO,System launched
2020-09-19,19:48:46,INFO,System launched
2020-09-19,19:55:58,INFO,System launched
2020-09-19,20:05:20,INFO,System launched
2020-09-19,20:08:09,INFO,System launched
2020-09-19,20:08:38,INFO,System launched
2020-09-19,20:12:52,INFO,System launched
2020-09-19,20:13:28,INFO,System launched
2020-09-19,21:36:03,INFO,System launched
2020-09-19,21:36:32,INFO,System launched
2020-09-19,21:49:56,INFO,System launched
2020-09-20,10:28:57,INFO,System launched
2020-09-20,10:47:33,INFO,System launched
2020-09-20,10:49:37,INFO,System launched
2020-09-20,10:49:50,INFO,System launched
2020-09-20,10:50:27,INFO,System launched
2020-09-20,10:53:48,INFO,System launched
2020-09-20,10:56:30,INFO,System launched
2020-09-20,10:58:01,INFO,System launched
2020-09-20,10:59:28,INFO,System launched
2020-09-20,11:00:33,INFO,System launched
2020-09-20,11:01:13,INFO,System launched
2020-09-20,11:09:58,INFO,System launched
2020-09-20,11:13:55,INFO,System launched
2020-09-20,11:14:53,INFO,System launched
2020-09-20,11:15:11,INFO,System launched
2020-09-20,11:15:35,INFO,System launched
2020-09-20,11:16:27,INFO,System launched
2020-09-20,11:27:05,INFO,System launched
2020-09-20,11:27:20,INFO,System launched
2020-09-20,11:32:49,INFO,System launched
2020-09-20,11:33:58,INFO,System launched
2020-09-20,11:35:27,INFO,System launched
2020-09-20,11:36:25,INFO,System launched
2020-09-20,11:44:33,INFO,System launched
2020-09-20,11:47:42,INFO,System launched
2020-09-20,11:53:55,INFO,System launched
2020-09-20,11:55:08,INFO,System launched
2020-09-20,11:57:28,INFO,System launched
2020-09-20,12:11:58,INFO,System launched
2020-09-20,12:16:00,INFO,System launched
2020-09-20,12:21:23,INFO,System launched
2020-09-20,12:23:07,INFO,System launched
2020-09-20,12:24:15,INFO,System launched
2020-09-20,12:24:55,INFO,System launched
2020-09-20,12:25:17,INFO,System launched
2020-09-20,12:27:14,INFO,System launched
2020-09-20,12:27:35,INFO,System launched
2020-09-20,12:29:50,INFO,System launched
2020-09-20,12:32:58,INFO,System launched
2020-09-20,12:34:48,INFO,System launched
2020-09-20,12:43:51,INFO,System launched
2020-09-20,12:44:25,INFO,System launched
2020-09-20,12:46:26,INFO,System launched
2020-09-20,12:47:48,INFO,System launched
2020-09-20,12:48:34,INFO,System launched
2020-09-20,13:15:40,INFO,System launched
2020-09-20,13:28:03,INFO,System launched
2020-09-20,13:28:55,INFO,System launched
2020-09-20,13:46:07,INFO,System launched
